Page,Personnes,,Address_03,Address_04,Address_05,Address_06,Address_07,Address_08,Address_09,Address_10,Address_11,Address_12,Address_13,Address_14,Address_15,Address_16,Address_17,Bars,Address_19,Address_20
1,Abacus Bakery 90 Taylor Ave,After Dark Drug store 2419 Bay St,Ambience Casino 1708 Child Ave,Aqua Market 1428 Jansen Pl,Aqua Pizzeria 1076 Powell Blvd,Arch Casino 1931 Taylor Ave,Aroma Bar 2373 Lombard Ave,Aroma Cafe 418 Darrell Pl,Aroma Restaurant 1920 Powell Pl,Atlas Diner 300 Jansen Pl,Babylon Garage 1789 Lombard Pl,Backstage Bakery 1673 Taylor Ave,Backstage Club 1349 Mason Blvd,Bambino Bakery 286 Vallejo Pl,Barton's Auto Wreck Yard 872 Bay St,Beehive Market 161 Stockton Blvd,Beehive Movie theater 710 Montgomery Pl,Blossoms Club 2104 Greenwich Pl,Blueprint Garage 793 Francisco Pl,Bonds Club 672 Chestnut Blvd
2,Bones Bar 792 Greenwich Ave,Brimstone Movie theater 422 Francisco Pl,Brimstone Pizzeria 2210 Battery Pl,Butlers Market 1057 Beach Ave,Buttons Drug store 2225 Chestnut Pl,Carnival Market 728 Jansen Pl,Carnival Restaurant 2167 Jansen Pl,Castle Bar 571 Francisco Ave,Catch Drug store 967 Francisco St,Chance Diner 363 Bay Blvd,Chapter Club 964 Mason Blvd,Cinnamon Cafe 464 Battery Ave,Cinnamon Drug store 2439 Battery St,Citrus Club 1286 Taylor Ave,Citrus Diner 1314 Lombard Pl,Clarity Cafe 1384 North Point Pl,Condor Club 460 Broadway Street,Crickets Bakery 1829 Stockton Blvd,Crickets Diner 1578 Mason Blvd,Crickets Restaurant 1167 Jansen St
3,Curiosity Drug store 1490 Beach Ave,Daydream Club 1136 Taylor Blvd,Daydream Pizzeria 768 Montgomery Ave,Drifters Market 1178 Greenwich Pl,Elements Bar 1200 Mason Ave,Elements Casino 1467 Beach St,Elements Market 1327 Battery Pl,Embers Office 443 Montgomery St,Enigma Club 1167 Bay Ave,Fiddler Diner 1761 Francisco Ave,Fiddler Restaurant 79 Montgomery St,Fire and Ice Bar 1907 Stockton Pl,Fluorescence Diner 885 Vallejo Ave,Fluorescence Garage 1809 Battery Ave,Fluorescence Market 2064 Stockton St,Fluorescence Market 290 Greenwich Pl,Gastrognome Casino 1846 Taylor St,Glasshouse Market 220 Francisco Blvd,Glasshouse Market 431 Mason Ave,Harlequin Diner 2183 Mason Blvd
4,Harlequin Market 1805 Vallejo Blvd,Harmony Bakery 1459 Stockton Blvd,Hibiscus Bakery 110 Montgomery Blvd,Interlude Diner 224 Taylor Pl,Interlude Market 1346 Grant St,Intermezzo Bakery 879 Darrell Blvd,Intermezzo Pizzeria 1133 Beach Pl,Intermezzo Pizzeria 439 Bay St,Intermission Garage 313 Battery Ave,Ivory Bodega 210 Child Ave,Ivy Club 2418 Jansen Blvd,Ivy Movie theater 199 Child Ave,Jewel Casino 649 Mason Blvd,Jubilee Bakery 588 Montgomery Ave,Jubilee Casino 933 Powell Pl,Jubilee Pizzeria 272 Grant Blvd,Kings Cafe 989 Battery Blvd,Kingsize Bakery 316 Vallejo Pl,Laguna Club 1319 Montgomery Ave,Lemon Bar 38 Jansen St
5,Lemon Movie theater 499 Chestnut Pl,Lemon Office 304 Battery St,Lindoln Cars 80 Jasper Pl,Lombard Condominiums 101 Lombard St,Lovy Garage 2057 North Point Blvd,Lovushka 133 Jasper Pl,Mary's Casino 2044 Child St,Marx's Emporium 1298 Samsone Av,Meadows Market 1648 Jansen Pl,Medallion Market 2363 Child St,Midnight Club 903 Child Blvd,Moonlight Market 60 Montgomery Ave,Nightowl Bar 268 Chestnut Blvd,Nightowl Restaurant 1622 Mason Ave,Nirvana Bakery 657 Francisco Blvd,Nova Drug store 2463 Chestnut St,Nova Garage 1377 Chestnut Ave,Paramount Movie theater 1595 Stockton Blvd,Pier 27 1438 The Embarcadero,Pier 29 1442 The Embarcadero,Pier 31 1446 The Embarcadero
6,Pier 33 1450 The Embarcadero,Pier 35 1454 The Embarcadero,Pier 37 1458 The Embarcadero,Pier 39 1462 The Embarcadero,Potroast Cafe 2192 Battery St,Potroast Diner 771 Powell Blvd,Potroast Office 422 Jansen Blvd,Prospects Market 563 Vallejo Ave,Queens Cafe 2069 Battery Blvd,Queens Club 2292 Lombard Pl,Queens Club 236 Greenwich Blvd,Queens Garage 899 Beach Ave,Queens Market 1787 Bay Pl,Recess Market 298 Powell St,Roadhouse Bodega 2367 Vallejo St,Roadhouse Diner 39 Lombard St,Rogue Bar 783 Bay St,Roots Bodega 1174 Child Blvd,Rye Bakery 421 Bay Ave,Rye Pizzeria 259 North Point Ave
7,Saffron Garage 643 Beach St,Sapphire Cafe 1363 Child Pl,San Fransisco's Docks 1040 The Embarcadero,Serenade Bodega 1177 Jansen Pl,Serenity Bar 411 Powell Blvd,Shambles Bakery 176 Powell Blvd,Sheraton 2500 Mason St,Simmer Down Casino 734 Mason Pl,Simmer Down Garage 351 Battery Blvd,Skyward Diner 968 Lombard Blvd,Solo Mio Cafe 2354 Chestnut Ave,Solstice Casino 1209 Bay Blvd,Souls Bakery 582 North Point Ave,Souls Club 195 Jansen Blvd,Splash Bar 402 Montgomery Ave,Steam Bodega 1752 Stockton Blvd,Steam Diner 1692 Taylor Pl,Steam Garage 1413 Lombard Blvd,Steam Movie theater 2255 Greenwich Ave,Streetwise Bar 2434 Child Blvd
8,Streetwise Bodega 2088 Powell St,Streetwise Bodega 850 Darrell Ave,The Abacus Place Cafe 290 Taylor Ave,The Abacus Yard Garage 1184 Taylor Pl,The Arctic Barbecue Bakery 1665 Grant Pl,The Aroma Ambience Casino 89 Greenwich Ave,The Baking Chicken Market 13 Child Ave,The Baking Monument Restaurant 274 Mason Blvd,The Baking Pipe Office 941 Powell Pl,The Beach Fish Casino 638 Chestnut St,The Beach Oyster Movie theater 1114 Montgomery Ave,The Big City Chicken Bar 35 Bay Ave,The Big City Sisters Pizzeria 1965 Powell Blvd,The Big Word Cafe 2402 Montgomery Blvd,The Bitter Mission Bar 529 Montgomery Blvd,The Boiling Pond Club 2239 Mason St,The Boutique Bakery 893 Taylor Blvd,The Brimstone Saloon Garage 1960 Beach Pl,The Brimstone Taste Club 460 Beach Pl,The Cane Market 865 Vallejo St
9,The Caramel Stranger Garage 1063 Child Pl,The Caribbean Victory Pizzeria 191 Chestnut Ave,The Champagne Farmer Bodega 1530 Lombard St,The Champagne Morning Bodega 986 Greenwich Ave,The Champagne Persia Restaurant 932 Beach St,The Champagne Pipe Movie theater 1509 Mason Pl,The Charming Boulevard Market 1194 North Point St,The Charming Cottage Office 2178 Bay Pl,The Chili Commander Cafe 1742 Greenwich Ave,The Chili Saloon Restaurant 1304 Darrell Pl,The Chili Window Club 2172 Vallejo Ave,The Chocolate Bistro Movie theater 1796 Francisco St,The Chocolate Duke Casino 2059 Darrell Ave,The Chocolate Hound Cafe 1264 Chestnut Blvd,The Chocolate Oak Garage 2276 Mason Blvd,The Chopping Beehive Diner 1827 Francisco Blvd,The Chopping Ranch Garage 1268 Child Pl,The Cinnamon Victory Market 1508 Jansen Blvd,The Cinnamon Willow Bakery 2445 Chestnut Ave,The City Sisters Diner 2476 Bay Blvd
10,The Clear Fusion Club 1606 Battery Ave,The Coastal Market Pizzeria 860 Powell St,The Coffee Mockingbird Cafe 1987 Bay Blvd,The Coffee Taste Bar 660 Darrell Blvd,The Comet Angel Bar 500 Francisco Pl,The Comet Dream Bakery 1811 Powell St,The Comet Gate Pizzeria 889 Mason Ave,The Cool Archive Bar 2229 Montgomery Blvd,The Cool Brothers Market 1107 Bay Pl,The Cool Brothers Office 965 Battery Blvd,The Cool Cat Chef Bakery 1682 Powell Pl,The Cool Cat Junction Diner 1257 Powell Blvd,The Cool Cat Lighthouse Bar 621 Lombard Ave,The Cool Market Diner 22 Greenwich St,The Copper Mirror Bar 282 Bay Pl,The Coriander Bistro Garage 1404 Chestnut Pl,The Corner Bass Garage 1218 Vallejo Blvd,The Corner God Club 1010 Darrell Ave,The Corner Nights Bar 1200 Battery Blvd,The Corner Place Bar 1862 Chestnut St
11,The Cottage Drug store 888 Grant Ave,The Court Lighthouse Pizzeria 360 Mason Blvd,The Court Oyster Casino 66 Greenwich Blvd,The Crown Movie theater 996 North Point St,The Dairy Blanket Club 607 Taylor Ave,The Dairy Duke Drug store 1605 Jansen Blvd,The Dapper Fence Bodega 1256 Powell Blvd,The Delhi Pipe Bakery 2464 Vallejo St,The Dwarf God Bakery 129 Vallejo Pl,The Dwarf Hound Market 346 Greenwich St,The Eastern Salmon Drug store 782 Montgomery Blvd,The Eastern Saloon Garage 1023 Child Pl,The Eclipse Bakery 2023 Battery Blvd,The Emerald Duke Bar 1520 Powell Blvd,The Emperor Diner 482 Mason Blvd,The Enigma Crown Pizzeria 2419 Beach St,The Enigma Pizzeria Bakery 988 Powell Ave,The Exhibit Diner 902 Battery St,The Exhibit Drug store 1035 Powell Ave,The Fable Club Club 795 Jansen Ave
12,The Fable Moments Diner 2360 Francisco Blvd,The Fantasy Stranger Market 2434 Jansen St,The Fiery Avenue Garage 1377 Stockton Pl,The Fiery Heart Cafe 301 Montgomery Ave,The First Whale Garage 181 Jansen St,The Forest Persia Club 1779 Grant St,The French Laguna Club 1309 Francisco Ave,The Fresh Castle Drug store 1527 Child Pl,The Fresh Oriental Diner 1441 Vallejo Pl,The Fresh Pizzeria Pizzeria 806 Vallejo Pl,The Fresh Pond Bodega 1363 Bay Ave,The Friendly Mirror Bodega 754 Montgomery Blvd,The Gallery Bodega 678 Child St,The Gallery Club 1109 Vallejo Pl,The Gallery Eats Drug store 274 Jansen Pl,The Garden Market 1288 Francisco Ave,The Greek Fox Garage 1424 Lombard Ave,The Grove Drug store 2122 Powell Blvd,The Grove Market 1926 Beach Blvd,The Harlequin Chef Garage 229 Montgomery Pl
13,The Harlequin Trumpet Market 2248 Darrell Ave,The Harmonic Barbecue Bodega 1194 Taylor St,The Harmonic Diner Restaurant 615 Powell Blvd,The Hat Bar 351 Child St,The Hive Drug store 570 Mason Ave,The Hog Bodega 2399 Darrell Pl,The Hog Diner 1657 Lombard Pl,The Holy Goddess Pizzeria 1295 Jansen St,The Holy Rooftop Bakery 739 Battery Blvd,The Honey Factory Club 2220 Taylor Ave,The Honey Oyster Cafe 765 North Point Blvd,The Honor Oriental Club 2499 Vallejo Pl,The Hot Hog Office 436 Grant Blvd,The Hot View Cafe 1301 Mason Ave,The Hummingbird Bar 2302 Beach St,The Incredible Drum Bar 1459 Greenwich Ave,The Incredible Merchant Club 209 Bay Blvd,The Incredible Oyster Drug store 1742 Jansen St,The Incredible Street Casino 1225 North Point St,The Indian Trumpet Club 1078 Jansen St
14,The Indian Vine Drug store 991 Bay Pl,The Indian Well Movie theater 850 Taylor Ave,The Island Afternoon Diner 1622 Powell Ave,The Island Club 1054 Grant Ave,The Island Pizzeria Market 985 Powell Blvd,The Jade Laguna Bodega 546 North Point Ave,The Jade Mission Garage 435 Powell Pl,The Jade Rooftop Drug store 2329 Montgomery Pl,The Jamming Shark Cafe 630 Darrell Pl,The Japanese Courtyard Market 2341 Montgomery Ave,The Jazz Cloud Garage 1761 Vallejo Ave,The Juniper Balcony Garage 213 Jansen Pl,The Juniper Duke Market 1019 Greenwich Pl,The Karma Blanket Casino 1915 Powell Pl,The Karma Flavour Bar 433 Chestnut St,The Karma Well Drug store 78 Powell St,The Light Palace Casino 1461 Montgomery Ave,The Lighthouse Bar 2361 Stockton St,The Lion Market 631 North Point St,The Lion Restaurant 512 Vallejo Ave
15,The Lion Restaurant 989 Battery Ave,The Little Door Restaurant 2235 Beach Ave,The Little Shack Club 1730 Taylor St,The Locket Bakery 2278 Child Pl,The Locket Club 868 Bay Ave,The Nishka Diner 1215 Stockton Ave,The Lunar Drum Office 1571 Vallejo Ave,The Mad Table Pizzeria 918 Bay St,The Magical Clam Club 326 Chestnut St,The Malt Lantern Movie theater 932 Mason Blvd,The Maple Drug store 2163 Taylor Pl,The Mockingbird Bakery 15 Lombard Pl,The Mockingbird Office 1226 Lombard Blvd,The Modern Persia Cafe 2088 Vallejo Pl,The Modern Ship Office 1965 Montgomery St,The Momument Drug store 939 Lombard Ave,The Monarch Casino 546 Powell Pl,The Moroccan Fox Movie theater 1328 Lombard Ave,The Mountain House Office 1810 Powell Blvd,The Narrow After Dark Garage 2335 Bay St
16,The Narrow Dream Bar 1388 Mason Pl,The New Monkey Movie theater 2394 Greenwich Pl,The Nifty Yard Casino 997 Battery Pl,The Nomad Drug store 173 Greenwich Blvd,The Nomad Garage 2314 Vallejo Pl,The Noodle Badger Casino 922 Grant Blvd,The Northern God Club 2349 Grant St,The Northern Saloon Restaurant 1278 Darrell Blvd,The Oak Bodega 238 Beach Pl,The Oak Cafe 51 Child Blvd,The Oak Pizzeria 701 Grant St,The Old Oyster Cafe 871 Vallejo Pl,The Olive Shrimp Bakery 1924 North Point Pl,The Orange Ship Drug store 1098 Bay Blvd,The Orange Tower Pizzeria 2108 Jansen Pl,The Original Heart Restaurant 1989 Montgomery Pl,The Oval Bites Restaurant 628 Mason Ave,The Painted God Office 149 Stockton Pl,The Parlour Office 2151 Beach St,The Peacock Movie theater 261 Stockton Blvd
17,The Pearl Bakery 1283 Vallejo Ave,The Pepper Brothers Pizzeria 2047 Taylor Pl,The Pepper Emperor Restaurant 391 Vallejo Pl,The Pink Bear Bodega 2476 Beach Pl,The Private Block Pizzeria 771 Bay Ave,The Private Gate Club 369 Montgomery St,The Rare Cottage Cafe 1747 Child Blvd,The Rare Heart Cafe 1186 Vallejo Blvd,The Rare Yard Garage 1404 Bay Ave,The River Leaf Bakery 207 Taylor St,The River Leaf Restaurant 45 Mason Ave,The Rose Diner 2086 Lombard St,The Rose Restaurant 625 Battery St,The Saffron Bear Bar 1777 Powell Pl,The Saffron Salmon Casino 1625 Chestnut Blvd,The Salty Heaven Movie theater 1114 Mason St,The Sapphire Elephant Garage 2459 Bay Pl,The Sapphire Harvest Club 160 Mason Pl,The Sapphire Stranger Diner 1214 Lombard Pl,The Savory Stranger Office 850 Stockton St
18,The Scarf Movie theater 1230 Lombard Blvd,The Silent Harvest Office 1212 Powell Blvd,The Silent Morning Bakery 1666 Mason Pl,The Silver Catch Bodega 1720 Montgomery Pl,The Silver Parlour Office 1606 Taylor St,The Smile Office 1165 Taylor Pl,Prishnika Cafe 363 Francisco Pl,The Sour Yard Bar 1358 Battery St,The Southern Lounge Casino 1218 Greenwich Ave,The Spaghetti Ambience Casino 64 Vallejo Ave,The Spaghetti Archive Drug store 2131 Grant Ave,The Spaghetti Violin Casino 1515 Grant Blvd,The Spiced Grill Pizzeria 1631 Beach St,The Spiced Orchard Movie theater 2481 Taylor Blvd,The Spiced Street Kitchen Bodega 622 Child Blvd,The Spring Moments Bakery 105 Greenwich Pl,The Square Drug store 977 Beach St,The Square Lantern Pizzeria 1819 Grant St,The Sugar Port Casino 2089 Taylor Pl,The Summer Hog Bakery 1698 Lombard St
19,The Summer Ranch Bakery 835 Battery Pl,The Sumo Horse Restaurant 1529 North Point St,The Sweet Dragon Market 839 Powell St,The Sweet Morning Cafe 1701 Grant Blvd,The Tandoori Bay Cafe 968 Greenwich Blvd,The Tandoori Faire Casino 1440 Beach Pl,The Tandoori Hog Bakery 1977 Stockton Blvd,The Tulip Pizzeria 1058 Francisco Ave,The Underwater Place Office 123 Francisco Pl,The Vanilla Cow Pizzeria 84 Powell St,The Village Blend Office 1457 Lombard Blvd,The Village Mockingbird Club 740 Montgomery Ave,The Village Peasant Pizzeria 2330 North Point St,The Vine Casino 1769 Bay Pl,The Vineyard Diner 351 Powell Blvd,The Violet Tiger Diner 240 Powell St,The Warm Grove Bodega 484 Bay Ave,The Waterfront Bay Bodega 221 Lombard Ave,The Waterfront Panda Bakery 2353 Montgomery Pl,The Waterfront Way Garage 891 Jansen Blvd
20,The Waterway Beehive Casino 480 North Point Pl,The Waterway Kitchen Bodega 2005 Bay Blvd,The Western Bite Cafe 2367 North Point Pl,The Western Gate Pizzeria 301 Francisco Ave,The Wharf Inn 2601 Mason Street,The Whiskey Blossom Bar 1991 Darrell St,The Whiskey Court Office 197 Bay Ave,The Wild Canteen Drug store 1295 Francisco Blvd,The Wild Victory Pizzeria 1561 Chestnut St,The Willow Office 229 Francisco Ave,The Willow Restaurant 34 North Point Ave,Tip Top Bodega 1437 Taylor St,Tranquility Club 1519 Chestnut Ave,Trinity Bodega 1037 Montgomery St,Twilight Market 1107 Grant Ave,Whammy Bakery 1902 Beach Ave,Whammy Bar 2334 Chestnut Blvd,Whammy Movie theater 2156 Powell Pl,Whammy Restaurant 864 Child Ave,Workers Lots 457 Union St